<?xml version="1.0" encoding="UTF-8"?>
<project name="Analysis" default="all">
	<!-- Key input modules -->
	<property name="sdfmodule" value="Analysis" />
	<property name="metasdfmodule" value="Stratego-Analysis" />
	<property name="esvmodule" value="Analysis" />
	<property name="strmodule" value="analysis" />
	<property name="ppmodule" value="Analysis-pp"/>
    <property name="sigmodule" value="Analysis-sig"/>

	<!-- Project directories -->
    <property location="trans" name="trans"/>
    <property location="trans" name="trans.rel" relative="yes"/>
    <property location="editor/java" name="src-gen"/>
    <property location="src-gen/syntax" name="syntax"/>
    <property name="syntax.rel" relative="yes" value="${syntax}"/>
    <property location="include" name="include"/>
    <property name="include.rel" relative="yes" value="${include}"/>
    <property location="lib" name="lib"/>
    <property location="target/classes" name="build"/>
    <property location="bin/dist" name="dist"/>
    <property location="src-gen/pp" name="pp"/>
    <property location="src-gen/signatures" name="signatures"/>
    <property location="src-gen" name="sdf-src-gen"/>
    <property location="include" name="lib-gen"/>
    <property location="${lib-gen}" relative="yes" name="lib-gen.rel"/>


	<!-- Imports -->
	<property name="build.sdf.imports" value="" />
	<property name="build.stratego.args" value="
                    --library
                    -I &quot;${trans}&quot;
                    -I &quot;${basedir}&quot;
                    -la stratego-lib -la stratego-sglr -la stratego-gpp -la stratego-xtc -la stratego-aterm" />

	<!-- Optional: external .def and .jar locations
    <property name="externaldef" location="syntax/${sdfmodule}.def"/>
    <property name="externaljar" value="../lib.jar"/>
    <property name="externaljarflags" value="-la org.lib"/>
    -->

	<!-- Environment configuration for command-line builds -->
	<condition property="build.strategoxt.sdf" value="${eclipse.spoofaximp.nativeprefix}" else="">
		<isset property="eclipse.spoofaximp.nativeprefix" />
	</condition>
	<property name="build.strategoxt.stratego" location="${user.home}/.nix-profile/bin" />
	<property name="nativepath" value="${eclipse.spoofaximp.nativeprefix}"/>

	<!-- used for building inside of Eclipse -->
	<import file="build.generated.xml" />

	<!-- Main target -->
	<target name="all" depends="spoofaximp.default.ctree" />
	<target name="generate-sources" depends="generate-sources-ctree" />
	<target name="package" depends="package-ctree" />
</project>
