<project name="spoofax-interpreter-core" default="jar">
	
    <property name="lib.dir" value="lib" />
    <property name="build.dir" value="target" />
    <property name="src.dir" value="src/main/java" />

    <property file="version.properties" />

    <path id="lib.path.id">
        <fileset dir="${lib.dir}" />
    </path>
	
	<target name="download" description="--> download external dependencies">
		<get src="http://search.maven.org/remotecontent?filepath=junit/junit/4.10/junit-4.10.jar" dest="lib/" usetimestamp="true" />
	</target>

    <target name="compile" description="--> compile the project">
        <mkdir dir="${build.dir}/classes" />
        <javac srcdir="${src.dir}" destdir="${build.dir}/classes" classpathref="lib.path.id">
            <exclude name="org/spoofax/interpreter/test/**" />
        </javac>
    </target>

   <target name="install" depends="jar" description="--> install the project into prefix">
        <mkdir dir="${prefix}/bin" />
        <mkdir dir="${prefix}/share/java" />

        <copy todir="${prefix}/share/java">
            <fileset dir="${lib.dir}/" />
        </copy>

        <copy file="${build.dir}/${jarname}-${version}.jar" todir="${prefix}/share/java" />

        <copy file="spoofax" todir="${prefix}/bin" />
        <chmod perm="a+x" file="${prefix}/bin/spoofax" />
   </target>

   <target name="dist" description="--> create the dist tarball">
       <tar destfile="${build.dir}/${jarname}-${version}.tar">
           <tarfileset prefix="${jarname}-${version}/" dir="." includes="src/"/>
           <!-- THIS IS 3VIL! Should be removed once the deps are properly packaged -->
           <tarfileset prefix="${jarname}-${version}/" dir="." includes="lib/"/>
           <tarfileset prefix="${jarname}-${version}/" dir=".">
             <include name="*.xml" />
             <include name="*.properties" />
             <include name="build/*.xml" />
             <include name="build/*.properties" />
             <include name="spoofax" />
             <include name="spoofax-prof" />
           </tarfileset>
           <tarfileset prefix="${jarname}-${version}/" dir="." includes="INSTALL AUTHORS LICENSE"/>
           <tarfileset prefix="${jarname}-${version}/" dir="." includes="META-INF/" />
       </tar>
       <gzip zipfile="${build.dir}/${jarname}-${version}.tar.gz" src="${build.dir}/${jarname}-${version}.tar"/>
   </target>

   <target name="jar" depends="compile">
        <jar destfile="${build.dir}/${jarname}-${version}.jar" basedir="${build.dir}/classes" />
   </target>

   <target name="check" depends="jar">
    <junit>
       <classpath refid="lib.path.id" /> 
       <!-- FIXME: we should use the stratego-language-tests project to check the interpreter against -->
    </junit>
   </target>

  <target name="bundle-ctree" />
</project>
