<project name="spoofax-interpreter-adapter-asm" default="bundle-ctree" >
	
	<property name="build.dir" value="target" />
	<property name="strategoxt.dir" value="${user.home}/.nix-profile" />

	<property file="version.properties" />

	
	<target
		name="compile-str"
		depends="compile-lib-to-ctree, compile-tests-to-ctree"
		description="--> compile Stratego code" />
		
	<property name="ctree-lib.target" value="${build.dir}/resources/share/lib-asm.ctree" />

	<uptodate property="compile-lib-to-ctree.notRequired" targetfile="${ctree-lib.target}" >
	    <srcfiles dir= "src/main/stratego/spoofax/bindings" includes="**/*.str"/>
	</uptodate>

	<target name="compile-lib-to-ctree" unless="${compile-lib-to-ctree.notRequired}" description="--> compile Stratego code">
		<mkdir dir="${build.dir}/resources/share" />
		<exec executable="${strategoxt.dir}/bin/strc" failonerror="true">
			<arg value="-i" />
			<arg value="src/main/stratego/spoofax/bindings/asm.str" />
			<arg value="-I" />
			<arg value="src/main/stratego" />
			<arg value="-F" />
			<arg value="-c" />
			<arg value="--library" />
			<arg value="-o" />
			<arg value="${ctree-lib.target}" />
		</exec>
	</target>

	<property name="ctree-tests.target" value="${build.dir}/resources/share/asm-tests.ctree" />

	<uptodate property="compile-tests-to-ctree.notRequired" targetfile="${ctree-tests.target}">
	    <srcfiles dir="src/test/stratego" includes="**/*.str" />
	</uptodate>
	
	<target name="compile-tests-to-ctree" unless="${compile-tests-to-ctree.notRequired}">
		<exec executable="${strategoxt.dir}/bin/strc" failonerror="true">
			<arg value="-i" />
			<arg value="src/test/stratego/spoofax/bindings/asm/test-asm.str" />
			<arg value="-I" />
			<arg value="src/main/stratego" />
			<arg value="-I" />
			<arg value="src/test/stratego" />
			<arg value="-F" />
			<arg value="--library" />
			<arg value="-o" />
			<arg value="${ctree-tests.target}" />
		</exec>
		<copy todir="${build.dir}/resources/share" file="${strategoxt.dir}/share/stratego-lib/libstratego-lib.ctree" />
	</target>

	<target name="bundle-ctree" depends="compile-str">
		<copy todir="share/" file="${ctree-lib.target}" />
	</target>

</project>
